"parametro","valor_inicial","gradiente","valor_actualizado"
"w1",0.8,-0.000752645311538212,0.800075264531154
"w2",0.3,-0.0101555834152833,0.301015558341528
"b",0.1,-0.0114716748855527,0.101147167488555
