"componente","valor"
"grad_w1",-0.000752645311538212
"grad_w2",-0.0101555834152833
"grad_b",-0.0114716748855527
