"","theta1","theta2","theta3"
"theta1",0.410290303880061,-0.254935715075723,-0.0414591168009957
"theta2",-0.254935715075723,0.311493819201369,0.324280091741256
"theta3",-0.0414591168009957,0.324280091741256,1.38449521460803
