"obs","x_1","x_2","z","y_hat","activation"
1,0.5,-0.2,0.44,0.413644442187135,"tanh"
2,1,0.3,0.99,0.757362324216526,"tanh"
3,-0.7,0.8,-0.22,-0.216518061493029,"tanh"
4,0,0,0.1,0.0996679946249558,"tanh"
