"componente","dimension","norma_o_valor"
"grad_W","3 x 2",0.0865738272636641
"grad_b1","3",0.0840712140339237
"grad_v","3",0.095789550840587
"grad_b2","1",0.559939356408675
"grad_norm","1",0.580750133449679
