"n_w1","n_w2","n_filas","loss_min","loss_max","w1_min_loss","w2_min_loss"
41,41,1681,0.000178501536490919,0.00910121496624898,0.85,0.375
