"obs","y_obs","y_hat_inicial","error_inicial","error_cuadrado_inicial"
1,0.4,-0.00256844908117903,-0.402568449081179,0.162061356195626
2,0.8,-0.014101947554421,-0.814101947554421,0.662761981011901
3,-0.2,-0.00320831618175058,0.196791683818249,0.0387269668200219
4,0.1,0,-0.1,0.01
