"componente","valor"
"grad_w1",-0.000752645312447706
"grad_w2",-0.0101555834158829
"grad_b",-0.0114716748855206
