"obs","y_obs","y_hat_final","error_final","error_cuadrado_final"
1,0.4,0.416018435492523,0.0160184354925234,0.000256590275628134
2,0.8,0.772894104519587,-0.027105895480413,0.000734729569795073
3,-0.2,-0.200015047347919,-1.50473479191282e-05,2.26422679399292e-10
4,0.1,0.0989392992488655,-0.00106070075113446,1.1250860834572e-06
