"indicador","valor"
"loss",0.000569274695467809
"diff_abs",1.0898240430157e-12
"error_rel",3.5523347197916e-11
"tol",1e-05
"verificado",1
