"indice","lambda_inicial","lambda_final"
1,1.4862618535032,1.48780078545199
2,0.559754317406991,0.550916517890109
3,0.06026316677927,0.0541198702934181
