"obs","x_1","x_2","y_obs","z","y_hat","error","error_cuadrado"
1,0.5,-0.2,0.4,0.44,0.413644442187135,0.0136444421871352,0.000186170802598074
2,1,0.3,0.8,0.99,0.757362324216526,-0.0426376757834738,0.00181797139621663
3,-0.7,0.8,-0.2,-0.22,-0.216518061493029,-0.0165180614930288,0.000272846355487479
4,0,0,0.1,0.1,0.0996679946249558,-0.000332005375044186,1.10227569058231e-07
