"obs","y_obs","y_hat_final","error_final","error_cuadrado_final"
1,0.4,0.426018646420746,0.0260186464207458,0.000676969961567789
2,0.8,0.770621436192615,-0.0293785638073853,0.000863100011384612
3,-0.2,-0.214916199523602,-0.0149161995236023,0.000222493008227913
4,0.1,0.116516448433044,0.0165164484330442,0.000272793068841408
