"caso","n_original","n_obs","n_features","horizonte","loss_inicial","loss_final","reduccion_abs","reduccion_rel","descendente_global","factible"
"STD2-RNAS",60,59,5,1,0.239237084202805,0.00715439885352877,0.232082685349276,0.970094942105782,TRUE,NA
"SimuDS-RNAS",120,117,1,1,0.236543090292252,0.00777584202512645,0.228767248267125,0.967127164798941,TRUE,NA
"FNL-RNAS",60,60,2,NA,NA,0.19326707504784,NA,NA,NA,TRUE
